,average,std
MixLight-1hop,261.2333333333333,0.36944437981429645
MixLight-2hop,264.619,0.25500000000000683
