,average,std
MixLight-1hop,495.46400000000006,14.974282938772927
MixLight-2hop,569.303,8.958999999999993
