,average,std
MixLight-1hop,270.04266666666666,0.8213503075967381
MixLight-2hop,277.88,1.9359999999999957
