,average,std
MixLight-1hop,270.72799999999995,0.7153538019455563
MixLight-2hop,278.476,2.0580000000000043
