,average,std
MixLight-1hop,317.902,0.3225120512771291
MixLight-2hop,319.03899999999993,0.13900000000000431
