,average,std
MixLight-1hop,227.75799999999998,0.259998143175999
MixLight-2hop,228.99200000000002,0.21399999999999864
