,average,std
MixLight-1hop,533.8566666666666,51.48974673835708
MixLight-2hop,641.3619999999999,66.19
