,average,std
MixLight-1hop,227.99066666666667,0.255534187586588
MixLight-2hop,228.967,0.18500000000000227
