,average,std
MixLight-1hop,303.0373333333333,1.2557439767035625
MixLight-2hop,307.84900000000005,1.5870000000000062
