,average,std
MixLight-1hop,261.68333333333334,0.4638593120848224
MixLight-2hop,264.997,0.3489999999999952
