,average,std
MixLight-1hop,192.22666666666666,0.3170792478086623
MixLight-2hop,193.25199999999998,0.27599999999999625
