,average,std
MixLight,317.902,0.3225120512771291
Basic,329.49,9.027341574099115
