,average,std
MixLight,303.0373333333333,1.2557439767035625
Basic,457.12999999999994,164.36468898150292
