,average,std
MixLight,356.71066666666667,3.6610609696513046
CoLight,409.28130517376246,44.20012603405352
FRAP,389.7371549893843,32.661731685194816
MpLight,365.56406302380157,1.1974124628796925
