,average,std
MixLight,693.5226666666666,15.04222250434834
CoLight,790.1655537006121,26.42515018780383
FRAP,807.4710294936003,35.03260688017764
MpLight,1355.5544574290484,81.7181638540172
