,average,std
MixLight,357.7026666666667,2.6979498418681946
CoLight,388.83732977599914,8.078967132657462
FRAP,513.4247457061864,52.61628748614784
MpLight,738.5548218553721,416.3538761062774
