,average,std
MixLight,355.72933333333333,2.6029794295648467
CoLight,372.7775108441775,4.9179535350340915
FRAP,408.5431208986764,13.901593333532478
MpLight,419.165254143032,28.39015096131866
