,average,std
MixLight,361.9126666666667,1.663602268436298
CoLight,377.12834194875217,6.301952551822688
FRAP,566.8724806847869,75.90582543582383
MpLight,526.2598521482963,104.12649535064914
