,average,std
MixLight,285.54466666666667,0.7295804679205526
CoLight,294.4051795042792,0.5235057126368878
FRAP,542.7193508947427,182.18772971893756
MpLight,345.7196621095921,16.885232657553402
