,average,std
MixLight,703.7706666666667,14.161089843115581
CoLight,852.4352142459654,55.90046256162816
FRAP,833.4746688925989,74.4370346891674
MpLight,1259.0932442960489,108.82121992098796
