,average,std
MixLight,285.83599999999996,0.5156065838516638
CoLight,295.23363343336666,1.0704060430920175
FRAP,339.0105590752473,3.7900180032906157
MpLight,386.9891963987996,59.37679993297282
