,average,std
MixLight,1050.0086666666666,23.959850228532137
CoLight,1094.7099833112356,20.45602488973421
FRAP,1101.8983238904627,14.600419564540235
MpLight,1677.635670443815,32.508797237174086
