,average,std
MixLight,356.6793333333334,1.7308227053558032
CoLight,372.500967634301,9.372486522875196
FRAP,479.7008564119675,128.23601149024225
MpLight,417.1571349126904,27.80078241685112
