,average,std
MixLight,332.38533333333334,7.876091086305912
CoLight,383.1043367752185,38.43767993142507
FRAP,751.1064124966904,418.40261758202286
MpLight,761.3044638602065,254.49490145911358
