,average,std
MixLight,533.8566666666666,51.48974673835708
CoLight,782.6950361713969,101.01285511999845
FRAP,879.1562381747357,100.8790908949022
MpLight,1284.4079910962714,68.93058028174792
