,average,std
MixLight,495.46400000000006,14.974282938772927
CoLight,931.9300166944907,169.92920739841352
FRAP,944.8897495826377,172.1098586812854
MpLight,1396.6906510851418,65.77879534690476
