,average,std
MixLight,270.72799999999995,0.7153538019455563
CoLight,398.1296629963297,77.2277482147434
FRAP,383.45151818485147,71.31540200569631
MpLight,1058.333578022467,357.0291701773359
