,average,std
MixLight,261.2333333333333,0.36944437981429645
CoLight,327.7312656328164,45.437864169425886
FRAP,370.3685398254683,72.3424255182815
MpLight,853.237329775999,209.94824203043868
