,average,std
MixLight,317.902,0.3225120512771291
CoLight,417.06818638954076,41.291911155579314
FRAP,453.64458598726117,77.36813295460846
MpLight,488.72316459939657,171.1452822169967
