,average,std
MixLight,270.04266666666666,0.8213503075967381
CoLight,309.73858302747186,14.191031022562536
FRAP,481.0361250139028,93.54451502499369
MpLight,519.558247136025,79.9472835765421
