,average,std
MixLight,303.0373333333333,1.2557439767035625
CoLight,509.8152290177389,198.63959203674548
FRAP,443.2449880857824,64.75957966183144
MpLight,517.8924013767539,133.6393825610882
