,average,std
MixLight,227.99066666666667,0.255534187586588
CoLight,243.30923641213735,3.2238117205231474
FRAP,263.34584861620544,21.729434678085077
MpLight,253.6638657330221,4.843922018017753
