,average,std
MixLight,192.22666666666666,0.3170792478086623
CoLight,201.86298394711991,2.786473265049582
FRAP,1598.4862134088764,98.55531395226728
MpLight,1734.5279745042492,42.61600963234645
