,average,std
MixLight,261.68333333333334,0.4638593120848224
CoLight,512.3753432271691,137.31615308634588
FRAP,307.6591073314436,10.598480641565388
MpLight,1216.6685676171421,219.22297370499854
