,average,std
MixLight,227.75799999999998,0.259998143175999
CoLight,263.10403467822607,32.467526008609404
FRAP,370.4632877625876,135.1090698126935
MpLight,491.3459153051017,341.1464067967848
