,average,std
MixLight,988.827,1.1970000000000027
CoLight,1356.668089363121,121.12704234744922
FRAP,1324.14684894965,75.18232744248078
MpLight,1407.496432144048,16.55725241747257
