,average,std
MixLight,1018.851,1.218999999999994
CoLight,1285.9616538846283,78.78279426475487
FRAP,1272.1638212737578,100.20136712237408
MpLight,1284.6476492164052,84.88779593197728
