,average,std
MixLight,962.3280000000001,19.413999999999998
CoLight,1298.6834611537179,37.133811270423436
FRAP,1183.935745248416,22.79496498832948
MpLight,1257.2990330110038,14.755585195065056
