,average,std
MixLight,953.999,14.387
CoLight,1449.3405135045016,37.731910636878936
FRAP,1237.7135045015007,58.44721573857953
MpLight,1302.6728242747583,30.0177392464155
